time,gFx,gFy,gFz,ax,ay,az,wx,wy,wz,p,Bx,By,Bz,I,Azimuth,Pitch,Roll,Gain
20:19:41:0,0.0408,0.5294,0.8673,-0.302,0.0955,0.6328,-0.0974,-0.0976,-0.024,1024.4426,-0.9,0.24,-1.38,91,41.448,-31.373,-2.693,67.2183
20:19:41:0,0.0408,0.5294,0.8673,-0.302,0.0955,0.6328,-0.0974,-0.0976,-0.024,1024.4426,-3.06,1.86,-2.58,91,44.332,-31.373,-2.693,67.2183
20:19:41:0,0.0408,0.5294,0.8673,-0.302,0.0955,0.6328,-0.0052,0.0417,-0.0399,1024.4426,-3.06,1.86,-2.58,91,44.332,-31.373,-2.693,67.2183
20:19:41:0,0.0408,0.5294,0.8673,-0.302,0.0955,0.6328,-0.0052,0.0417,-0.0399,1024.4609,-3.06,1.86,-2.58,91,44.332,-31.373,-2.693,67.2183
20:19:41:0,0.0408,0.5294,0.8673,-0.302,0.0955,0.6328,-0.0052,0.0417,-0.0399,1024.4609,-3.06,1.86,-2.58,92,44.332,-31.373,-2.693,67.2183
20:19:41:0,0.0408,0.5294,0.8673,-0.1605,0.0901,0.1412,-0.0052,0.0417,-0.0399,1024.4609,-3.06,1.86,-2.58,92,44.332,-31.373,-2.693,67.2183
20:19:41:2,0.0665,0.5231,0.8353,-0.1605,0.0901,0.1412,-0.0052,0.0417,-0.0399,1024.4609,-3.06,1.86,-2.58,92,42.846,-31.974,-4.549,62.1039
20:19:41:2,0.0665,0.5231,0.8353,-0.1605,0.0901,0.1412,-0.0052,0.0417,-0.0399,1024.4609,-3.06,0.54,-3.12,92,51.45,-31.974,-4.549,62.1039
20:19:41:2,0.0665,0.5231,0.8353,-0.1605,0.0901,0.1412,0.0748,-0.0225,0.0047,1024.4609,-3.06,0.54,-3.12,92,51.45,-31.974,-4.549,62.1039
20:19:41:2,0.0665,0.5231,0.8353,-0.1605,0.0901,0.1412,0.0748,-0.0225,0.0047,1024.4553,-3.06,0.54,-3.12,92,51.45,-31.974,-4.549,62.1039
20:19:41:2,0.0665,0.5231,0.8353,-0.1605,0.0901,0.1412,0.0748,-0.0225,0.0047,1024.4553,-3.06,0.54,-3.12,92,51.45,-31.974,-4.549,62.1039
20:19:41:2,0.0665,0.5231,0.8353,0.0913,-0.0114,-0.1484,0.0748,-0.0225,0.0047,1024.4553,-3.06,0.54,-3.12,92,51.45,-31.974,-4.549,62.1039
20:19:41:4,0.0665,0.5231,0.8353,0.0913,-0.0114,-0.1484,0.0748,-0.0225,0.0047,1024.4575,-3.06,0.54,-3.12,92,51.45,-31.974,-4.549,62.1039
20:19:41:4,0.0665,0.5231,0.8353,0.0913,-0.0114,-0.1484,0.0748,-0.0225,0.0047,1024.4575,-3.66,0.72,-3.9,92,49.787,-31.974,-4.549,62.1039
20:19:41:4,0.0665,0.5231,0.8353,0.0913,-0.0114,-0.1484,0.0156,-0.0023,-0.0124,1024.4575,-3.66,0.72,-3.9,92,49.787,-31.974,-4.549,62.1039
20:19:41:4,0.044,0.5326,0.8566,0.0913,-0.0114,-0.1484,0.0156,-0.0023,-0.0124,1024.4575,-3.66,0.72,-3.9,92,51.328,-31.839,-2.939,62.1039
20:19:41:4,0.044,0.5326,0.8566,0.0913,-0.0114,-0.1484,0.0156,-0.0023,-0.0124,1024.4575,-3.66,0.72,-3.9,91,51.328,-31.839,-2.939,62.1039
20:19:41:4,0.044,0.5326,0.8566,-0.0997,0.054,0.0753,0.0156,-0.0023,-0.0124,1024.4575,-3.66,0.72,-3.9,91,51.328,-31.839,-2.939,62.1039
20:19:41:5,0.0562,0.5306,0.8522,-0.0997,0.054,0.0753,0.0156,-0.0023,-0.0124,1024.4575,-3.66,0.72,-3.9,91,50.565,-31.855,-3.773,64.576
20:19:41:5,0.0562,0.5306,0.8522,-0.0997,0.054,0.0753,0.0156,-0.0023,-0.0124,1024.4575,-3.42,0.72,-3.9,91,48.582,-31.855,-3.773,64.576
20:19:41:5,0.0562,0.5306,0.8522,-0.0997,0.054,0.0753,0.0101,0.0069,-0.0118,1024.4575,-3.42,0.72,-3.9,91,48.582,-31.855,-3.773,64.576
20:19:41:6,0.0562,0.5306,0.8522,-0.0997,0.054,0.0753,0.0101,0.0069,-0.0118,1024.4524,-3.42,0.72,-3.9,91,48.582,-31.855,-3.773,64.576
20:19:41:6,0.0562,0.5306,0.8522,-0.0997,0.054,0.0753,0.0101,0.0069,-0.0118,1024.4524,-3.42,0.72,-3.9,91,48.582,-31.855,-3.773,64.576
20:19:41:6,0.0562,0.5306,0.8522,0.0263,0.0454,0.0253,0.0101,0.0069,-0.0118,1024.4524,-3.42,0.72,-3.9,91,48.582,-31.855,-3.773,64.576
20:19:41:7,0.0562,0.5306,0.8522,0.0263,0.0454,0.0253,0.0101,0.0069,-0.0118,1024.449,-3.42,0.72,-3.9,91,48.582,-31.855,-3.773,64.576
20:19:41:7,0.0562,0.5306,0.8522,0.0263,0.0454,0.0253,0.0101,0.0069,-0.0118,1024.449,-3.72,0,-4.32,91,54.954,-31.855,-3.773,64.576
20:19:41:7,0.0562,0.5306,0.8522,0.0263,0.0454,0.0253,-0.0186,-0.0017,-0.0026,1024.449,-3.72,0,-4.32,91,54.954,-31.855,-3.773,64.576
20:19:41:7,0.0457,0.5245,0.8656,0.0263,0.0454,0.0253,-0.0186,-0.0017,-0.0026,1024.449,-3.72,0,-4.32,91,56.194,-31.18,-3.021,64.576
20:19:41:7,0.0457,0.5245,0.8656,0.0263,0.0454,0.0253,-0.0186,-0.0017,-0.0026,1024.449,-3.72,0,-4.32,91,56.194,-31.18,-3.021,64.576
20:19:41:7,0.0457,0.5245,0.8656,-0.0705,-0.0122,0.1552,-0.0186,-0.0017,-0.0026,1024.449,-3.72,0,-4.32,91,56.194,-31.18,-3.021,64.576
20:19:41:9,0.0464,0.5233,0.8605,-0.0705,-0.0122,0.1552,-0.0186,-0.0017,-0.0026,1024.449,-3.72,0,-4.32,91,56.061,-31.27,-3.088,60.1072
20:19:41:9,0.0464,0.5233,0.8605,-0.0705,-0.0122,0.1552,-0.0186,-0.0017,-0.0026,1024.449,-3.96,1.32,-3.54,91,50.76,-31.27,-3.088,60.1072
20:19:41:9,0.0464,0.5233,0.8605,-0.0705,-0.0122,0.1552,-0.0199,0.002,-0.0045,1024.449,-3.96,1.32,-3.54,91,50.76,-31.27,-3.088,60.1072
20:19:41:9,0.0464,0.5233,0.8605,-0.0705,-0.0122,0.1552,-0.0199,0.002,-0.0045,1024.4456,-3.96,1.32,-3.54,91,50.76,-31.27,-3.088,60.1072
20:19:41:9,0.0464,0.5233,0.8605,-0.0705,-0.0122,0.1552,-0.0199,0.002,-0.0045,1024.4456,-3.96,1.32,-3.54,91,50.76,-31.27,-3.088,60.1072
20:19:41:9,0.0464,0.5233,0.8605,-0.0577,-0.0226,0.1036,-0.0199,0.002,-0.0045,1024.4456,-3.96,1.32,-3.54,91,50.76,-31.27,-3.088,60.1072
20:19:42:1,0.0464,0.5233,0.8605,-0.0577,-0.0226,0.1036,-0.0199,0.002,-0.0045,1024.4456,-3.84,0.06,-3.54,91,61.317,-31.27,-3.088,61.5217
20:19:42:1,0.0464,0.5233,0.8605,-0.0577,-0.0226,0.1036,0.0192,0.0001,-0.0069,1024.4456,-3.84,0.06,-3.54,91,61.317,-31.27,-3.088,61.5217
20:19:42:1,0.0464,0.5233,0.8605,-0.0577,-0.0226,0.1036,0.0192,0.0001,-0.0069,1024.4456,-3.84,0.06,-3.54,91,61.317,-31.27,-3.088,61.5217
20:19:42:1,0.0464,0.5233,0.8605,-0.0577,-0.0226,0.1036,0.0192,0.0001,-0.0069,1024.4485,-3.84,0.06,-3.54,91,61.317,-31.27,-3.088,61.5217
20:19:42:1,0.0489,0.5265,0.8624,-0.0577,-0.0226,0.1036,0.0192,0.0001,-0.0069,1024.4485,-3.84,0.06,-3.54,91,61.126,-31.362,-3.243,61.5217
20:19:42:1,0.0489,0.5265,0.8624,-0.0605,-0.0174,0.1005,0.0192,0.0001,-0.0069,1024.4485,-3.84,0.06,-3.54,91,61.126,-31.362,-3.243,61.5217
20:19:42:3,0.0511,0.5292,0.8514,-0.0605,-0.0174,0.1005,0.0192,0.0001,-0.0069,1024.4485,-3.84,0.06,-3.54,91,60.664,-31.816,-3.432,61.5217
20:19:42:3,0.0511,0.5292,0.8514,-0.0605,-0.0174,0.1005,0.0192,0.0001,-0.0069,1024.4485,-3.78,-0.24,-4.14,91,59.291,-31.816,-3.432,61.5217
20:19:42:3,0.0511,0.5292,0.8514,-0.0605,-0.0174,0.1005,-0.0022,-0.0255,0.0029,1024.4485,-3.78,-0.24,-4.14,91,59.291,-31.816,-3.432,61.5217
20:19:42:3,0.0511,0.5292,0.8514,-0.0605,-0.0174,0.1005,-0.0022,-0.0255,0.0029,1024.4458,-3.78,-0.24,-4.14,91,59.291,-31.816,-3.432,61.5217
20:19:42:3,0.0511,0.5292,0.8514,-0.0605,-0.0174,0.1005,-0.0022,-0.0255,0.0029,1024.4458,-3.78,-0.24,-4.14,91,59.291,-31.816,-3.432,61.5217
20:19:42:3,0.0511,0.5292,0.8514,-0.01,0.0301,0.0178,-0.0022,-0.0255,0.0029,1024.4458,-3.78,-0.24,-4.14,91,59.291,-31.816,-3.432,61.5217
20:19:42:4,0.0511,0.5292,0.8514,-0.01,0.0301,0.0178,-0.0022,-0.0255,0.0029,1024.4463,-3.78,-0.24,-4.14,91,59.291,-31.816,-3.432,58.1196
20:19:42:5,0.0511,0.5292,0.8514,-0.01,0.0301,0.0178,-0.0022,-0.0255,0.0029,1024.4463,-3.84,0.6,-4.62,91,49.271,-31.816,-3.432,58.1196
20:19:42:5,0.0511,0.5292,0.8514,-0.01,0.0301,0.0178,-0.0083,-0.0108,0.009,1024.4463,-3.84,0.6,-4.62,91,49.271,-31.816,-3.432,58.1196
20:19:42:5,0.0476,0.5299,0.8485,-0.01,0.0301,0.0178,-0.0083,-0.0108,0.009,1024.4463,-3.84,0.6,-4.62,91,49.404,-31.946,-3.214,58.1196
20:19:42:5,0.0476,0.5299,0.8485,-0.01,0.0301,0.0178,-0.0083,-0.0108,0.009,1024.4463,-3.84,0.6,-4.62,91,49.404,-31.946,-3.214,58.1196
20:19:42:5,0.0476,0.5299,0.8485,-0.0386,0.0303,-0.0069,-0.0083,-0.0108,0.009,1024.4463,-3.84,0.6,-4.62,91,49.404,-31.946,-3.214,58.1196
20:19:42:6,0.0516,0.5336,0.8522,-0.0386,0.0303,-0.0069,-0.0083,-0.0108,0.009,1024.4463,-3.84,0.6,-4.62,91,49.125,-32.006,-3.462,58.1196
20:19:42:6,0.0516,0.5336,0.8522,-0.0386,0.0303,-0.0069,-0.0083,-0.0108,0.009,1024.4463,-3.3,-0.06,-4.38,91,51.941,-32.006,-3.462,58.1196
20:19:42:6,0.0516,0.5336,0.8522,-0.0386,0.0303,-0.0069,0.0431,0.0209,0.0041,1024.4463,-3.3,-0.06,-4.38,91,51.941,-32.006,-3.462,58.1196
20:19:42:6,0.0516,0.5336,0.8522,-0.0386,0.0303,-0.0069,0.0431,0.0209,0.0041,1024.4414,-3.3,-0.06,-4.38,91,51.941,-32.006,-3.462,58.1196
20:19:42:6,0.0516,0.5336,0.8522,-0.0386,0.0303,-0.0069,0.0431,0.0209,0.0041,1024.4414,-3.3,-0.06,-4.38,91,51.941,-32.006,-3.462,58.1196
20:19:42:6,0.0516,0.5336,0.8522,0.0069,0.0508,0.0381,0.0431,0.0209,0.0041,1024.4414,-3.3,-0.06,-4.38,91,51.941,-32.006,-3.462,58.1196
20:19:42:8,0.0423,0.5526,0.8549,0.0069,0.0508,0.0381,0.0431,0.0209,0.0041,1024.4414,-3.3,-0.06,-4.38,91,51.944,-32.85,-2.831,55.9592
20:19:42:8,0.0423,0.5526,0.8549,0.0069,0.0508,0.0381,0.0431,0.0209,0.0041,1024.4414,-3.9,-1.62,-4.86,91,69.364,-32.85,-2.831,55.9592
20:19:42:8,0.0423,0.5526,0.8549,0.0069,0.0508,0.0381,0.2428,0.0252,0.0169,1024.4414,-3.9,-1.62,-4.86,91,69.364,-32.85,-2.831,55.9592
20:19:42:8,0.0423,0.5526,0.8549,0.0069,0.0508,0.0381,0.2428,0.0252,0.0169,1024.4517,-3.9,-1.62,-4.86,91,69.364,-32.85,-2.831,55.9592
20:19:42:8,0.0423,0.5526,0.8549,0.0069,0.0508,0.0381,0.2428,0.0252,0.0169,1024.4517,-3.9,-1.62,-4.86,90,69.364,-32.85,-2.831,55.9592
20:19:42:8,0.0423,0.5526,0.8549,-0.0233,0.0627,0.1725,0.2428,0.0252,0.0169,1024.4517,-3.9,-1.62,-4.86,90,69.364,-32.85,-2.831,55.9592
20:19:43:0,0.0423,0.5526,0.8549,-0.0233,0.0627,0.1725,0.2428,0.0252,0.0169,1024.4583,-3.9,-1.62,-4.86,90,69.364,-32.85,-2.831,56.884
20:19:43:0,0.0423,0.5526,0.8549,-0.0233,0.0627,0.1725,0.2428,0.0252,0.0169,1024.4583,-4.26,-3.12,-5.7,90,81.679,-32.85,-2.831,56.884
20:19:43:0,0.0423,0.5526,0.8549,-0.0233,0.0627,0.1725,0.1695,0.046,-0.0332,1024.4583,-4.26,-3.12,-5.7,90,81.679,-32.85,-2.831,56.884
20:19:43:0,0.0374,0.5795,0.818,-0.0233,0.0627,0.1725,0.1695,0.046,-0.0332,1024.4583,-4.26,-3.12,-5.7,90,77.92,-35.289,-2.617,56.884
20:19:43:0,0.0374,0.5795,0.818,-0.0233,0.0627,0.1725,0.1695,0.046,-0.0332,1024.4583,-4.26,-3.12,-5.7,89,77.92,-35.289,-2.617,56.884
20:19:43:0,0.0374,0.5795,0.818,-0.0121,0.117,-0.0518,0.1695,0.046,-0.0332,1024.4583,-4.26,-3.12,-5.7,89,77.92,-35.289,-2.617,56.884
20:19:43:2,0.0374,0.5795,0.818,-0.0121,0.117,-0.0518,0.1695,0.046,-0.0332,1024.4578,-4.26,-3.12,-5.7,89,77.92,-35.289,-2.617,56.884
20:19:43:2,0.0374,0.5795,0.818,-0.0121,0.117,-0.0518,0.1695,0.046,-0.0332,1024.4578,-2.46,-4.68,-6.6,89,88.575,-35.289,-2.617,56.884
20:19:43:2,0.0374,0.5795,0.818,-0.0121,0.117,-0.0518,0.0394,-0.0066,-0.0197,1024.4578,-2.46,-4.68,-6.6,89,88.575,-35.289,-2.617,56.884
20:19:43:2,0.0264,0.5956,0.7965,-0.0121,0.117,-0.0518,0.0394,-0.0066,-0.0197,1024.4578,-2.46,-4.68,-6.6,89,83.649,-36.776,-1.897,56.884
20:19:43:2,0.0264,0.5956,0.7965,-0.0121,0.117,-0.0518,0.0394,-0.0066,-0.0197,1024.4578,-2.46,-4.68,-6.6,89,83.649,-36.776,-1.897,56.884
20:19:43:2,0.0264,0.5956,0.7965,-0.0076,0.0663,-0.119,0.0394,-0.0066,-0.0197,1024.4578,-2.46,-4.68,-6.6,89,83.649,-36.776,-1.897,56.884
20:19:43:4,0.0264,0.5956,0.7965,-0.0076,0.0663,-0.119,0.0394,-0.0066,-0.0197,1024.4468,-2.46,-4.68,-6.6,89,83.649,-36.776,-1.897,68.7381
20:19:43:4,0.0264,0.5956,0.7965,-0.0076,0.0663,-0.119,0.0394,-0.0066,-0.0197,1024.4468,-3,-5.28,-6.6,89,94.536,-36.776,-1.897,68.7381
20:19:43:4,0.0264,0.5956,0.7965,-0.0076,0.0663,-0.119,0.0015,0.0173,0.0126,1024.4468,-3,-5.28,-6.6,89,94.536,-36.776,-1.897,68.7381
20:19:43:4,0.033,0.5925,0.8111,-0.0076,0.0663,-0.119,0.0015,0.0173,0.0126,1024.4468,-3,-5.28,-6.6,89,96.387,-36.123,-2.329,68.7381
20:19:43:4,0.033,0.5925,0.8111,-0.0076,0.0663,-0.119,0.0015,0.0173,0.0126,1024.4468,-3,-5.28,-6.6,88,96.387,-36.123,-2.329,68.7381
20:19:43:4,0.033,0.5925,0.8111,0.0721,0.0002,0.0497,0.0015,0.0173,0.0126,1024.4468,-3,-5.28,-6.6,88,96.387,-36.123,-2.329,68.7381
20:19:43:5,0.033,0.5925,0.8111,0.0721,0.0002,0.0497,0.0015,0.0173,0.0126,1024.4468,-2.4,-5.1,-6.78,88,91.847,-36.123,-2.329,68.7381
20:19:43:5,0.033,0.5925,0.8111,0.0721,0.0002,0.0497,0.0388,0.0319,0.067,1024.4468,-2.4,-5.1,-6.78,88,91.847,-36.123,-2.329,68.7381
20:19:43:5,0.033,0.5925,0.8111,0.0721,0.0002,0.0497,0.0388,0.0319,0.067,1024.4468,-2.4,-5.1,-6.78,88,91.847,-36.123,-2.329,68.7381
20:19:43:5,0.033,0.5925,0.8111,0.0721,0.0002,0.0497,0.0388,0.0319,0.067,1024.448,-2.4,-5.1,-6.78,88,91.847,-36.123,-2.329,68.7381
20:19:43:5,0.0232,0.5991,0.8233,0.0721,0.0002,0.0497,0.0388,0.0319,0.067,1024.448,-2.4,-5.1,-6.78,88,92.551,-36.029,-1.615,68.7381
20:19:43:5,0.0232,0.5991,0.8233,0.0811,-0.0122,0.0586,0.0388,0.0319,0.067,1024.448,-2.4,-5.1,-6.78,88,92.551,-36.029,-1.615,68.7381
20:19:43:7,0.0232,0.5991,0.8233,0.0811,-0.0122,0.0586,0.0388,0.0319,0.067,1024.4551,-2.4,-5.1,-6.78,88,92.551,-36.029,-1.615,63.2254
20:19:43:7,0.0232,0.5991,0.8233,0.0811,-0.0122,0.0586,0.0388,0.0319,0.067,1024.4551,-2.88,-5.94,-7.32,88,99.604,-36.029,-1.615,63.2254
20:19:43:7,0.0232,0.5991,0.8233,0.0811,-0.0122,0.0586,-0.0388,0.0295,0.0756,1024.4551,-2.88,-5.94,-7.32,88,99.604,-36.029,-1.615,63.2254
20:19:43:7,0.0061,0.6039,0.825,0.0811,-0.0122,0.0586,-0.0388,0.0295,0.0756,1024.4551,-2.88,-5.94,-7.32,88,99.187,-36.204,-0.424,63.2254
20:19:43:7,0.0061,0.6039,0.825,0.0811,-0.0122,0.0586,-0.0388,0.0295,0.0756,1024.4551,-2.88,-5.94,-7.32,88,99.187,-36.204,-0.424,63.2254
20:19:43:7,0.0061,0.6039,0.825,-0.098,0.0572,0.2249,-0.0388,0.0295,0.0756,1024.4551,-2.88,-5.94,-7.32,88,99.187,-36.204,-0.424,63.2254
20:19:43:9,0.0061,0.6039,0.825,-0.098,0.0572,0.2249,-0.0388,0.0295,0.0756,1024.4551,-3.06,-5.22,-6.78,88,93.692,-36.204,-0.424,61.0552
20:19:43:9,0.0061,0.6039,0.825,-0.098,0.0572,0.2249,-0.0345,-0.2515,0.1489,1024.4551,-3.06,-5.22,-6.78,88,93.692,-36.204,-0.424,61.0552
20:19:43:9,0.0061,0.6039,0.825,-0.098,0.0572,0.2249,-0.0345,-0.2515,0.1489,1024.4551,-3.06,-5.22,-6.78,89,93.692,-36.204,-0.424,61.0552
20:19:43:9,0.0061,0.6039,0.825,-0.098,0.0572,0.2249,-0.0345,-0.2515,0.1489,1024.4692,-3.06,-5.22,-6.78,89,93.692,-36.204,-0.424,61.0552
20:19:44:0,0.0833,0.5741,0.8556,-0.098,0.0572,0.2249,-0.0345,-0.2515,0.1489,1024.4692,-3.06,-5.22,-6.78,89,100.165,-33.738,-5.562,61.0552
20:19:44:0,0.0833,0.5741,0.8556,-0.4305,0.1558,0.1659,-0.0345,-0.2515,0.1489,1024.4692,-3.06,-5.22,-6.78,89,100.165,-33.738,-5.562,61.0552
20:19:44:1,0.0833,0.5741,0.8556,-0.4305,0.1558,0.1659,-0.0345,-0.2515,0.1489,1024.4692,-4.74,-5.52,-6.78,89,98.23,-33.738,-5.562,61.0552
20:19:44:1,0.0833,0.5741,0.8556,-0.4305,0.1558,0.1659,0.1316,0.0496,0.0829,1024.4692,-4.74,-5.52,-6.78,89,98.23,-33.738,-5.562,61.0552
20:19:44:1,0.0833,0.5741,0.8556,-0.4305,0.1558,0.1659,0.1316,0.0496,0.0829,1024.4692,-4.74,-5.52,-6.78,87,98.23,-33.738,-5.562,61.0552
20:19:44:1,0.0833,0.5741,0.8556,-0.4305,0.1558,0.1659,0.1316,0.0496,0.0829,1024.4543,-4.74,-5.52,-6.78,87,98.23,-33.738,-5.562,61.0552
20:19:44:1,0.0672,0.5947,0.8011,-0.4305,0.1558,0.1659,0.1316,0.0496,0.0829,1024.4543,-4.74,-5.52,-6.78,87,92.54,-36.49,-4.794,61.0552
20:19:44:1,0.0672,0.5947,0.8011,0.1311,-0.1886,0.5181,0.1316,0.0496,0.0829,1024.4543,-4.74,-5.52,-6.78,87,92.54,-36.49,-4.794,61.0552
20:19:44:3,0.0672,0.5947,0.8011,0.1311,-0.1886,0.5181,0.1316,0.0496,0.0829,1024.4543,-3.6,-6.6,-6.48,87,112.908,-36.49,-4.794,58.3853
20:19:44:3,0.0672,0.5947,0.8011,0.1311,-0.1886,0.5181,-0.0437,-0.031,0.2967,1024.4543,-3.6,-6.6,-6.48,87,112.908,-36.49,-4.794,58.3853
20:19:44:3,0.0672,0.5947,0.8011,0.1311,-0.1886,0.5181,-0.0437,-0.031,0.2967,1024.4543,-3.6,-6.6,-6.48,86,112.908,-36.49,-4.794,58.3853
20:19:44:3,0.0672,0.5947,0.8011,0.1311,-0.1886,0.5181,-0.0437,-0.031,0.2967,1024.4517,-3.6,-6.6,-6.48,86,112.908,-36.49,-4.794,58.3853
20:19:44:3,0.0877,0.6115,0.8163,0.1311,-0.1886,0.5181,-0.0437,-0.031,0.2967,1024.4517,-3.6,-6.6,-6.48,86,112.813,-36.682,-6.133,58.3853
20:19:44:3,0.0877,0.6115,0.8163,-0.1675,-0.0604,0.0522,-0.0437,-0.031,0.2967,1024.4517,-3.6,-6.6,-6.48,86,112.813,-36.682,-6.133,58.3853
20:19:44:4,0.0877,0.6115,0.8163,-0.1675,-0.0604,0.0522,-0.0437,-0.031,0.2967,1024.4517,-4.74,-6.72,-6.96,86,103.497,-36.682,-6.133,58.3853
20:19:44:4,0.0877,0.6115,0.8163,-0.1149,0.121,0.2056,-0.0437,-0.031,0.2967,1024.4517,-4.74,-6.72,-6.96,86,103.497,-36.682,-6.133,58.3853
20:19:44:4,0.0877,0.6115,0.8163,-0.1149,0.121,0.2056,0.1292,0.1107,0.0078,1024.4517,-4.74,-6.72,-6.96,86,103.497,-36.682,-6.133,58.3853
20:19:44:4,0.0877,0.6115,0.8163,-0.1149,0.121,0.2056,0.1292,0.1107,0.0078,1024.4517,-4.74,-6.72,-6.96,86,103.497,-36.682,-6.133,58.3853
20:19:44:4,0.0877,0.6115,0.8163,-0.1149,0.121,0.2056,0.1292,0.1107,0.0078,1024.4558,-4.74,-6.72,-6.96,86,103.497,-36.682,-6.133,58.3853
20:19:44:4,0.0945,0.6176,0.762,-0.1149,0.121,0.2056,0.1292,0.1107,0.0078,1024.4558,-4.74,-6.72,-6.96,86,98.012,-38.811,-7.073,58.3853
20:19:44:6,0.0945,0.6176,0.762,-0.1149,0.121,0.2056,0.1292,0.1107,0.0078,1024.4558,-4.5,-6.9,-6.9,86,101.528,-38.811,-7.073,63.2492
20:19:44:6,0.0945,0.6176,0.762,-0.0211,0.1953,-0.3401,0.1292,0.1107,0.0078,1024.4558,-4.5,-6.9,-6.9,86,101.528,-38.811,-7.073,63.2492
20:19:44:6,0.0945,0.6176,0.762,-0.0211,0.1953,-0.3401,-0.004,0.1315,0.0554,1024.4558,-4.5,-6.9,-6.9,86,101.528,-38.811,-7.073,63.2492
20:19:44:6,0.0945,0.6176,0.762,-0.0211,0.1953,-0.3401,-0.004,0.1315,0.0554,1024.4558,-4.5,-6.9,-6.9,86,101.528,-38.811,-7.073,63.2492
20:19:44:6,0.0945,0.6176,0.762,-0.0211,0.1953,-0.3401,-0.004,0.1315,0.0554,1024.4561,-4.5,-6.9,-6.9,86,101.528,-38.811,-7.073,63.2492
20:19:44:6,0.0909,0.6127,0.8158,-0.0211,0.1953,-0.3401,-0.004,0.1315,0.0554,1024.4561,-4.5,-6.9,-6.9,86,106.932,-36.742,-6.357,63.2492
20:19:44:8,0.0909,0.6127,0.8158,-0.0211,0.1953,-0.3401,-0.004,0.1315,0.0554,1024.4561,-2.7,-6.06,-7.68,86,93.476,-36.742,-6.357,60.3167
20:19:44:8,0.0909,0.6127,0.8158,0.3067,0.2802,0.0536,-0.004,0.1315,0.0554,1024.4561,-2.7,-6.06,-7.68,86,93.476,-36.742,-6.357,60.3167
20:19:44:8,0.0909,0.6127,0.8158,0.3067,0.2802,0.0536,-0.3369,0.8248,0.3279,1024.4561,-2.7,-6.06,-7.68,86,93.476,-36.742,-6.357,60.3167
20:19:44:8,0.0909,0.6127,0.8158,0.3067,0.2802,0.0536,-0.3369,0.8248,0.3279,1024.4561,-2.7,-6.06,-7.68,88,93.476,-36.742,-6.357,60.3167
20:19:44:8,0.0909,0.6127,0.8158,0.3067,0.2802,0.0536,-0.3369,0.8248,0.3279,1024.4514,-2.7,-6.06,-7.68,88,93.476,-36.742,-6.357,60.3167
20:19:44:8,0.0865,0.5798,0.8876,0.3067,0.2802,0.0536,-0.3369,0.8248,0.3279,1024.4514,-2.7,-6.06,-7.68,88,111.669,-33.028,-5.565,60.3167
20:19:45:0,0.0865,0.5798,0.8876,0.3067,0.2802,0.0536,-0.3369,0.8248,0.3279,1024.4585,-2.7,-6.06,-7.68,88,111.669,-33.028,-5.565,60.3167
20:19:45:0,0.0865,0.5798,0.8876,0.3067,0.2802,0.0536,-0.3369,0.8248,0.3279,1024.4585,-0.84,-5.88,-9.12,88,-38,-33.028,-5.565,60.3167
20:19:45:0,0.0865,0.5798,0.8876,0.3067,0.2802,0.0536,-0.128,-0.0524,0.2655,1024.4585,-0.84,-5.88,-9.12,88,-38,-33.028,-5.565,60.3167
20:19:45:0,-0.0567,0.6653,0.7417,0.3067,0.2802,0.0536,-0.128,-0.0524,0.2655,1024.4585,-0.84,-5.88,-9.12,88,43.125,-41.806,4.37,60.3167
20:19:45:0,-0.0567,0.6653,0.7417,0.3067,0.2802,0.0536,-0.128,-0.0524,0.2655,1024.4585,-0.84,-5.88,-9.12,94,43.125,-41.806,4.37,60.3167
20:19:45:0,-0.0567,0.6653,0.7417,-0.9598,0.905,-0.7611,-0.128,-0.0524,0.2655,1024.4585,-0.84,-5.88,-9.12,94,43.125,-41.806,4.37,60.3167
20:19:45:2,-0.0567,0.6653,0.7417,-0.9598,0.905,-0.7611,-0.128,-0.0524,0.2655,1024.4634,-0.84,-5.88,-9.12,94,43.125,-41.806,4.37,81.6767
20:19:45:2,-0.0567,0.6653,0.7417,-0.9598,0.905,-0.7611,-0.128,-0.0524,0.2655,1024.4634,-3.66,-4.26,-8.1,94,64.637,-41.806,4.37,81.6767
20:19:45:2,-0.0567,0.6653,0.7417,-0.9598,0.905,-0.7611,0.478,-0.2931,-0.2115,1024.4634,-3.66,-4.26,-8.1,94,64.637,-41.806,4.37,81.6767
20:19:45:2,0.1165,0.5072,0.7757,-0.9598,0.905,-0.7611,0.478,-0.2931,-0.2115,1024.4634,-3.66,-4.26,-8.1,94,66.166,-32.887,-8.544,81.6767
20:19:45:2,0.1165,0.5072,0.7757,-0.9598,0.905,-0.7611,0.478,-0.2931,-0.2115,1024.4634,-3.66,-4.26,-8.1,95,66.166,-32.887,-8.544,81.6767
20:19:45:2,0.1165,0.5072,0.7757,-0.0538,-0.353,-0.5468,0.478,-0.2931,-0.2115,1024.4634,-3.66,-4.26,-8.1,95,66.166,-32.887,-8.544,81.6767
20:19:45:3,-0.0005,0.6589,1.0075,-0.0538,-0.353,-0.5468,0.478,-0.2931,-0.2115,1024.4634,-3.66,-4.26,-8.1,95,76.686,-33.184,0.028,81.6767
20:19:45:3,-0.0005,0.6589,1.0075,-0.0538,-0.353,-0.5468,0.478,-0.2931,-0.2115,1024.4634,-3.36,-5.58,-7.02,95,103.841,-33.184,0.028,81.6767
20:19:45:3,-0.0005,0.6589,1.0075,-0.0538,-0.353,-0.5468,-0.3393,0.1431,-0.1779,1024.4634,-3.36,-5.58,-7.02,95,103.841,-33.184,0.028,81.6767
20:19:45:3,-0.0005,0.6589,1.0075,-0.0538,-0.353,-0.5468,-0.3393,0.1431,-0.1779,1024.4692,-3.36,-5.58,-7.02,95,103.841,-33.184,0.028,81.6767
20:19:45:3,-0.0005,0.6589,1.0075,-0.0538,-0.353,-0.5468,-0.3393,0.1431,-0.1779,1024.4692,-3.36,-5.58,-7.02,93,103.841,-33.184,0.028,81.6767
20:19:45:3,-0.0005,0.6589,1.0075,-1.0671,1.1216,1.7149,-0.3393,0.1431,-0.1779,1024.4692,-3.36,-5.58,-7.02,93,103.841,-33.184,0.028,81.6767
20:19:45:5,-0.0005,0.6589,1.0075,-1.0671,1.1216,1.7149,-0.3393,0.1431,-0.1779,1024.4692,-4.8,-1.62,-8.28,93,56.541,-33.184,0.028,80.3623
20:19:45:5,-0.0005,0.6589,1.0075,-1.1463,1.9915,1.2182,-0.3393,0.1431,-0.1779,1024.4692,-4.8,-1.62,-8.28,93,56.541,-33.184,0.028,80.3623
20:19:45:5,-0.0005,0.6589,1.0075,-1.1463,1.9915,1.2182,-0.3485,1.2793,-0.5035,1024.4692,-4.8,-1.62,-8.28,93,56.541,-33.184,0.028,80.3623
20:19:45:5,-0.0005,0.6589,1.0075,-1.1463,1.9915,1.2182,-0.3485,1.2793,-0.5035,1024.4692,-4.8,-1.62,-8.28,95,56.541,-33.184,0.028,80.3623
20:19:45:5,-0.0005,0.6589,1.0075,-1.1463,1.9915,1.2182,-0.3485,1.2793,-0.5035,1024.4587,-4.8,-1.62,-8.28,95,56.541,-33.184,0.028,80.3623
20:19:45:5,0.14,0.3125,1.0911,-1.1463,1.9915,1.2182,-0.3485,1.2793,-0.5035,1024.4587,-4.8,-1.62,-8.28,95,77.047,-15.858,-7.311,80.3623
20:19:45:7,0.14,0.3125,1.0911,-1.1463,1.9915,1.2182,-0.3485,1.2793,-0.5035,1024.4404,-4.8,-1.62,-8.28,95,77.047,-15.858,-7.311,81.6602
20:19:45:7,0.14,0.3125,1.0911,-1.1463,1.9915,1.2182,-0.3485,1.2793,-0.5035,1024.4404,-4.08,-4.8,-8.16,95,126.962,-15.858,-7.311,81.6602
20:19:45:7,0.14,0.3125,1.0911,-1.1463,1.9915,1.2182,0.2007,0.3135,-0.0381,1024.4404,-4.08,-4.8,-8.16,95,126.962,-15.858,-7.311,81.6602
20:19:45:7,0.0899,0.6838,0.8561,-1.1463,1.9915,1.2182,0.2007,0.3135,-0.0381,1024.4404,-4.08,-4.8,-8.16,95,64.125,-38.465,-5.995,81.6602
20:19:45:7,0.0899,0.6838,0.8561,-1.1463,1.9915,1.2182,0.2007,0.3135,-0.0381,1024.4404,-4.08,-4.8,-8.16,98,64.125,-38.465,-5.995,81.6602
20:19:45:7,0.0899,0.6838,0.8561,0.101,1.8563,-0.1007,0.2007,0.3135,-0.0381,1024.4404,-4.08,-4.8,-8.16,98,64.125,-38.465,-5.995,81.6602
20:19:45:9,0.0899,0.6838,0.8561,0.101,1.8563,-0.1007,0.2007,0.3135,-0.0381,1024.4404,-6.48,-2.58,-8.7,98,55.653,-38.465,-5.995,81.6602
20:19:45:9,0.0899,0.6838,0.8561,0.101,1.8563,-0.1007,0.365,0.253,-0.2134,1024.4404,-6.48,-2.58,-8.7,98,55.653,-38.465,-5.995,81.6602
20:19:45:9,0.0899,0.6838,0.8561,0.101,1.8563,-0.1007,0.365,0.253,-0.2134,1024.4231,-6.48,-2.58,-8.7,98,55.653,-38.465,-5.995,81.6602
20:19:45:9,0.0899,0.6838,0.8561,0.101,1.8563,-0.1007,0.365,0.253,-0.2134,1024.4231,-6.48,-2.58,-8.7,101,55.653,-38.465,-5.995,81.6602
20:19:45:9,0.0899,0.6838,0.8561,-0.1117,2.5326,-0.4311,0.365,0.253,-0.2134,1024.4231,-6.48,-2.58,-8.7,101,55.653,-38.465,-5.995,81.6602
20:19:45:9,0.1439,0.4185,0.9545,-0.1117,2.5326,-0.4311,0.365,0.253,-0.2134,1024.4231,-6.48,-2.58,-8.7,101,74.274,-23.439,-8.573,81.6602
20:19:46:1,0.1439,0.4185,0.9545,-0.1117,2.5326,-0.4311,0.365,0.253,-0.2134,1024.4231,-5.46,-3.42,-7.74,101,86.895,-23.439,-8.573,77.8941
20:19:46:1,0.1439,0.4185,0.9545,-0.1117,2.5326,-0.4311,-0.1298,0.0319,0.1971,1024.4231,-5.46,-3.42,-7.74,101,86.895,-23.439,-8.573,77.8941
20:19:46:1,0.1439,0.4185,0.9545,-0.1117,2.5326,-0.4311,-0.1298,0.0319,0.1971,1024.4231,-5.46,-3.42,-7.74,101,86.895,-23.439,-8.573,77.8941
20:19:46:1,0.1439,0.4185,0.9545,-0.1117,2.5326,-0.4311,-0.1298,0.0319,0.1971,1024.4424,-5.46,-3.42,-7.74,101,86.895,-23.439,-8.573,77.8941
20:19:46:1,0.0689,0.4552,0.8654,-0.1117,2.5326,-0.4311,-0.1298,0.0319,0.1971,1024.4424,-5.46,-3.42,-7.74,101,81.112,-27.669,-4.552,77.8941
20:19:46:1,0.0689,0.4552,0.8654,0.4444,-0.2847,0.6366,-0.1298,0.0319,0.1971,1024.4424,-5.46,-3.42,-7.74,101,81.112,-27.669,-4.552,77.8941
20:19:46:2,0.0689,0.4552,0.8654,0.4444,-0.2847,0.6366,-0.1298,0.0319,0.1971,1024.4521,-5.46,-3.42,-7.74,101,81.112,-27.669,-4.552,77.8941
20:19:46:2,0.0689,0.4552,0.8654,0.4444,-0.2847,0.6366,-0.1298,0.0319,0.1971,1024.4521,-5.58,-2.58,-8.46,101,69.417,-27.669,-4.552,77.8941
20:19:46:3,0.0689,0.4552,0.8654,0.4444,-0.2847,0.6366,0.2184,0.2787,0.1568,1024.4521,-5.58,-2.58,-8.46,101,69.417,-27.669,-4.552,77.8941
20:19:46:3,0.1185,0.439,0.9135,0.4444,-0.2847,0.6366,0.2184,0.2787,0.1568,1024.4521,-5.58,-2.58,-8.46,101,70.325,-25.483,-7.391,77.8941
20:19:46:3,0.1185,0.439,0.9135,0.4444,-0.2847,0.6366,0.2184,0.2787,0.1568,1024.4521,-5.58,-2.58,-8.46,101,70.325,-25.483,-7.391,77.8941
20:19:46:3,0.1185,0.439,0.9135,0.1409,-0.0204,0.2091,0.2184,0.2787,0.1568,1024.4521,-5.58,-2.58,-8.46,101,70.325,-25.483,-7.391,77.8941
20:19:46:4,0.1185,0.439,0.9135,0.1409,-0.0204,0.2091,0.2184,0.2787,0.1568,1024.4573,-5.58,-2.58,-8.46,101,70.325,-25.483,-7.391,73.5819
20:19:46:4,0.1185,0.439,0.9135,0.1409,-0.0204,0.2091,0.2184,0.2787,0.1568,1024.4573,-2.16,-4.68,-9.18,101,101.083,-25.483,-7.391,73.5819
20:19:46:4,0.1185,0.439,0.9135,0.1409,-0.0204,0.2091,-0.1439,-0.4592,-0.1138,1024.4573,-2.16,-4.68,-9.18,101,101.083,-25.483,-7.391,73.5819
20:19:46:4,0.0107,0.4723,0.9689,0.1409,-0.0204,0.2091,-0.1439,-0.4592,-0.1138,1024.4573,-2.16,-4.68,-9.18,101,94.859,-25.983,-0.636,73.5819
20:19:46:4,0.0107,0.4723,0.9689,0.1409,-0.0204,0.2091,-0.1439,-0.4592,-0.1138,1024.4573,-2.16,-4.68,-9.18,102,94.859,-25.983,-0.636,73.5819
20:19:46:4,0.0107,0.4723,0.9689,-0.3725,-0.097,0.9158,-0.1439,-0.4592,-0.1138,1024.4573,-2.16,-4.68,-9.18,102,94.859,-25.983,-0.636,73.5819
20:19:46:6,0.0107,0.4723,0.9689,-0.3725,-0.097,0.9158,-0.1439,-0.4592,-0.1138,1024.4663,-2.16,-4.68,-9.18,102,94.859,-25.983,-0.636,73.9945
20:19:46:6,0.0107,0.4723,0.9689,-0.3725,-0.097,0.9158,-0.1439,-0.4592,-0.1138,1024.4663,-3.48,-5.04,-9.54,102,95.661,-25.983,-0.636,73.9945
20:19:46:6,0.0107,0.4723,0.9689,-0.3725,-0.097,0.9158,0.1157,0.0472,0.1177,1024.4663,-3.48,-5.04,-9.54,102,95.661,-25.983,-0.636,73.9945
20:19:46:6,0.096,0.5055,0.8307,-0.3725,-0.097,0.9158,0.1157,0.0472,0.1177,1024.4663,-3.48,-5.04,-9.54,102,71.368,-31.153,-6.593,73.9945
20:19:46:6,0.096,0.5055,0.8307,-0.3725,-0.097,0.9158,0.1157,0.0472,0.1177,1024.4663,-3.48,-5.04,-9.54,101,71.368,-31.153,-6.593,73.9945
20:19:46:6,0.096,0.5055,0.8307,0.2325,-0.0067,-0.2893,0.1157,0.0472,0.1177,1024.4663,-3.48,-5.04,-9.54,101,71.368,-31.153,-6.593,73.9945
20:19:46:8,0.096,0.5055,0.8307,0.2325,-0.0067,-0.2893,0.1157,0.0472,0.1177,1024.4546,-3.48,-5.04,-9.54,101,71.368,-31.153,-6.593,73.9945
20:19:46:8,0.096,0.5055,0.8307,0.2325,-0.0067,-0.2893,0.1157,0.0472,0.1177,1024.4546,-3.54,-5.88,-9.36,101,90.272,-31.153,-6.593,73.9945
20:19:46:8,0.096,0.5055,0.8307,0.2325,-0.0067,-0.2893,0.1316,0.0997,0.0811,1024.4546,-3.54,-5.88,-9.36,101,90.272,-31.153,-6.593,73.9945
20:19:46:8,0.066,0.5016,0.8563,0.2325,-0.0067,-0.2893,0.1316,0.0997,0.0811,1024.4546,-3.54,-5.88,-9.36,101,94.761,-30.285,-4.405,73.9945
20:19:46:8,0.066,0.5016,0.8563,0.2325,-0.0067,-0.2893,0.1316,0.0997,0.0811,1024.4546,-3.54,-5.88,-9.36,100,94.761,-30.285,-4.405,73.9945
20:19:46:8,0.066,0.5016,0.8563,-0.1017,-0.055,-0.0286,0.1316,0.0997,0.0811,1024.4546,-3.54,-5.88,-9.36,100,94.761,-30.285,-4.405,73.9945
20:19:47:0,0.066,0.5016,0.8563,-0.1017,-0.055,-0.0286,0.1316,0.0997,0.0811,1024.4622,-3.54,-5.88,-9.36,100,94.761,-30.285,-4.405,67.5546
20:19:47:0,0.066,0.5016,0.8563,-0.1017,-0.055,-0.0286,0.1316,0.0997,0.0811,1024.4622,-3.36,-5.88,-9.66,100,91.981,-30.285,-4.405,67.5546
20:19:47:0,0.066,0.5016,0.8563,-0.1017,-0.055,-0.0286,-0.0357,-0.0548,0.0188,1024.4622,-3.36,-5.88,-9.66,100,91.981,-30.285,-4.405,67.5546
20:19:47:0,0.0748,0.5131,0.8915,-0.1017,-0.055,-0.0286,-0.0357,-0.0548,0.0188,1024.4622,-3.36,-5.88,-9.66,100,93.876,-29.834,-4.794,67.5546
20:19:47:0,0.0748,0.5131,0.8915,-0.1017,-0.055,-0.0286,-0.0357,-0.0548,0.0188,1024.4622,-3.36,-5.88,-9.66,101,93.876,-29.834,-4.794,67.5546
20:19:47:0,0.0748,0.5131,0.8915,-0.0219,0.0139,0.3427,-0.0357,-0.0548,0.0188,1024.4622,-3.36,-5.88,-9.66,101,93.876,-29.834,-4.794,67.5546
20:19:47:1,0.0748,0.5131,0.8915,-0.0219,0.0139,0.3427,-0.0357,-0.0548,0.0188,1024.4702,-3.36,-5.88,-9.66,101,93.876,-29.834,-4.794,67.5546
20:19:47:1,0.0748,0.5131,0.8915,-0.0219,0.0139,0.3427,-0.0357,-0.0548,0.0188,1024.4702,-4.14,-5.94,-8.7,101,101.115,-29.834,-4.794,67.5546
20:19:47:1,0.0748,0.5131,0.8915,-0.0219,0.0139,0.3427,0.051,0.2219,0.1996,1024.4702,-4.14,-5.94,-8.7,101,101.115,-29.834,-4.794,67.5546
20:19:47:1,0.077,0.5627,0.8358,-0.0219,0.0139,0.3427,0.051,0.2219,0.1996,1024.4702,-4.14,-5.94,-8.7,101,88.254,-33.836,-5.261,67.5546
20:19:47:1,0.077,0.5627,0.8358,-0.0219,0.0139,0.3427,0.051,0.2219,0.1996,1024.4702,-4.14,-5.94,-8.7,100,88.254,-33.836,-5.261,67.5546
20:19:47:1,0.077,0.5627,0.8358,-0.0408,0.4076,-0.1436,0.051,0.2219,0.1996,1024.4702,-4.14,-5.94,-8.7,100,88.254,-33.836,-5.261,67.5546
20:19:47:3,0.0564,0.4405,0.9506,-0.0408,0.4076,-0.1436,0.051,0.2219,0.1996,1024.4702,-4.14,-5.94,-8.7,100,114.417,-24.823,-3.398,65.6188
20:19:47:3,0.0564,0.4405,0.9506,-0.0408,0.4076,-0.1436,0.051,0.2219,0.1996,1024.4702,-4.26,-3.24,-9.96,100,69.91,-24.823,-3.398,65.6188
20:19:47:3,0.0564,0.4405,0.9506,-0.0408,0.4076,-0.1436,-0.1372,0.217,0.0316,1024.4702,-4.26,-3.24,-9.96,100,69.91,-24.823,-3.398,65.6188
20:19:47:3,0.0564,0.4405,0.9506,-0.0408,0.4076,-0.1436,-0.1372,0.217,0.0316,1024.4785,-4.26,-3.24,-9.96,100,69.91,-24.823,-3.398,65.6188
20:19:47:3,0.0564,0.4405,0.9506,-0.0408,0.4076,-0.1436,-0.1372,0.217,0.0316,1024.4785,-4.26,-3.24,-9.96,102,69.91,-24.823,-3.398,65.6188
20:19:47:3,0.0564,0.4405,0.9506,-0.1793,-0.3185,0.7053,-0.1372,0.217,0.0316,1024.4785,-4.26,-3.24,-9.96,102,69.91,-24.823,-3.398,65.6188
20:19:47:5,0.0779,0.4158,0.9118,-0.1793,-0.3185,0.7053,-0.1372,0.217,0.0316,1024.4785,-4.26,-3.24,-9.96,102,68.97,-24.437,-4.886,75.4919
20:19:47:5,0.0779,0.4158,0.9118,-0.1793,-0.3185,0.7053,-0.1372,0.217,0.0316,1024.4785,-4.2,-2.1,-8.76,102,61.76,-24.437,-4.886,75.4919
20:19:47:5,0.0779,0.4158,0.9118,-0.1793,-0.3185,0.7053,-0.2098,-0.1813,-0.217,1024.4785,-4.2,-2.1,-8.76,102,61.76,-24.437,-4.886,75.4919
20:19:47:5,0.0779,0.4158,0.9118,-0.1793,-0.3185,0.7053,-0.2098,-0.1813,-0.217,1024.4517,-4.2,-2.1,-8.76,102,61.76,-24.437,-4.886,75.4919
20:19:47:5,0.0779,0.4158,0.9118,-0.1793,-0.3185,0.7053,-0.2098,-0.1813,-0.217,1024.4517,-4.2,-2.1,-8.76,104,61.76,-24.437,-4.886,75.4919
20:19:47:5,0.0779,0.4158,0.9118,-0.0056,-0.1718,0.1296,-0.2098,-0.1813,-0.217,1024.4517,-4.2,-2.1,-8.76,104,61.76,-24.437,-4.886,75.4919
20:19:47:7,0.0269,0.4192,0.9472,-0.0056,-0.1718,0.1296,-0.2098,-0.1813,-0.217,1024.4517,-4.2,-2.1,-8.76,104,67.074,-23.866,-1.625,75.4919
20:19:47:7,0.0269,0.4192,0.9472,-0.0056,-0.1718,0.1296,-0.2098,-0.1813,-0.217,1024.4517,-4.5,-1.68,-8.76,104,64.159,-23.866,-1.625,75.4919
20:19:47:7,0.0269,0.4192,0.9472,-0.0056,-0.1718,0.1296,-0.1671,-0.1892,-0.2476,1024.4517,-4.5,-1.68,-8.76,104,64.159,-23.866,-1.625,75.4919
20:19:47:7,0.0269,0.4192,0.9472,-0.0056,-0.1718,0.1296,-0.1671,-0.1892,-0.2476,1024.437,-4.5,-1.68,-8.76,104,64.159,-23.866,-1.625,75.4919
20:19:47:7,0.0269,0.4192,0.9472,-0.0056,-0.1718,0.1296,-0.1671,-0.1892,-0.2476,1024.437,-4.5,-1.68,-8.76,105,64.159,-23.866,-1.625,75.4919
20:19:47:7,0.0269,0.4192,0.9472,-0.4525,0.0248,0.3955,-0.1671,-0.1892,-0.2476,1024.437,-4.5,-1.68,-8.76,105,64.159,-23.866,-1.625,75.4919
20:19:47:9,0.0269,0.4192,0.9472,-0.4525,0.0248,0.3955,-0.1671,-0.1892,-0.2476,1024.4482,-4.5,-1.68,-8.76,105,64.159,-23.866,-1.625,75.7195
20:19:47:9,0.0269,0.4192,0.9472,-0.4525,0.0248,0.3955,-0.1671,-0.1892,-0.2476,1024.4482,-3.9,0.36,-9.18,105,41.676,-23.866,-1.625,75.7195
20:19:47:9,0.0269,0.4192,0.9472,-0.4525,0.0248,0.3955,0.31,0.1052,0.3443,1024.4482,-3.9,0.36,-9.18,105,41.676,-23.866,-1.625,75.7195
20:19:47:9,0.0159,0.4295,1.0149,-0.4525,0.0248,0.3955,0.31,0.1052,0.3443,1024.4482,-3.9,0.36,-9.18,105,43.685,-22.936,-0.896,75.7195
20:19:47:9,0.0159,0.4295,1.0149,-0.4525,0.0248,0.3955,0.31,0.1052,0.3443,1024.4482,-3.9,0.36,-9.18,104,43.685,-22.936,-0.896,75.7195
20:19:47:9,0.0159,0.4295,1.0149,-0.4804,0.3611,0.9481,0.31,0.1052,0.3443,1024.4482,-3.9,0.36,-9.18,104,43.685,-22.936,-0.896,75.7195
20:20:04:0,-0.0413,0.6579,0.7557,-0.4804,0.3611,0.9481,0.31,0.1052,0.3443,1024.4482,-3.9,0.36,-9.18,104,35.568,-41.003,3.128,-67.5389
20:20:04:0,-0.0413,0.6579,0.7557,-0.4804,0.3611,0.9481,0.31,0.1052,0.3443,1024.4536,-3.9,0.36,-9.18,104,35.568,-41.003,3.128,-67.5389
20:20:04:2,-0.0183,0.6465,0.7689,-0.4804,0.3611,0.9481,0.31,0.1052,0.3443,1024.4536,-3.9,0.36,-9.18,104,33.929,-40.049,1.365,-83.4565
20:20:04:2,-0.0183,0.6465,0.7689,-0.4804,0.3611,0.9481,0.31,0.1052,0.3443,1024.4536,-1.8,-20.82,-1.68,104,172.955,-40.049,1.365,-83.4565
20:20:04:2,-0.0183,0.6465,0.7689,-0.4804,0.3611,0.9481,0.31,0.1052,0.3443,1024.4573,-1.8,-20.82,-1.68,104,172.955,-40.049,1.365,-83.4565
20:20:04:2,-0.0183,0.6465,0.7689,-0.4804,0.3611,0.9481,0.31,0.1052,0.3443,1024.4573,-1.8,-20.82,-1.68,70,172.955,-40.049,1.365,-83.4565
20:20:04:2,-0.0183,0.6465,0.7689,1.576,-1.0302,1.3028,0.31,0.1052,0.3443,1024.4573,-1.8,-20.82,-1.68,70,172.955,-40.049,1.365,-83.4565
20:20:04:3,-0.0183,0.6465,0.7689,0.4138,-0.3567,0.4434,0.31,0.1052,0.3443,1024.4573,-1.8,-20.82,-1.68,70,172.955,-40.049,1.365,-83.4565
20:20:04:3,-0.0183,0.6465,0.7689,0.4138,-0.3567,0.4434,0.018,-0.0774,0.0829,1024.4573,-1.8,-20.82,-1.68,70,172.955,-40.049,1.365,-83.4565
20:20:04:3,-0.0183,0.6465,0.7689,0.4138,-0.3567,0.4434,0.018,-0.0774,0.0829,1024.4573,-1.98,-20.46,-2.04,70,171.972,-40.049,1.365,-83.4565
20:20:04:3,-0.0183,0.6465,0.7689,0.4138,-0.3567,0.4434,0.018,-0.0774,0.0829,1024.4573,-1.98,-20.46,-2.04,70,171.972,-40.049,1.365,-83.4565
20:20:04:3,-0.0183,0.6465,0.7689,0.4138,-0.3567,0.4434,0.018,-0.0774,0.0829,1024.4543,-1.98,-20.46,-2.04,70,171.972,-40.049,1.365,-83.4565
20:20:04:3,-0.0232,0.6455,0.7747,0.4138,-0.3567,0.4434,0.018,-0.0774,0.0829,1024.4543,-1.98,-20.46,-2.04,70,171.966,-39.788,1.716,-83.4565
20:20:04:5,0.0173,0.6562,0.7684,0.4138,-0.3567,0.4434,0.018,-0.0774,0.0829,1024.4543,-1.98,-20.46,-2.04,70,172.25,-40.492,-1.293,43.6307
20:20:04:5,0.0173,0.6562,0.7684,0.4138,-0.3567,0.4434,0.018,-0.0774,0.0829,1024.4543,-5.04,-18.78,-4.44,70,156.441,-40.492,-1.293,43.6307
20:20:04:5,0.0173,0.6562,0.7684,0.4138,-0.3567,0.4434,0.0467,0.0075,0.0444,1024.4543,-5.04,-18.78,-4.44,70,156.441,-40.492,-1.293,43.6307
20:20:04:6,0.0173,0.6562,0.7684,0.4138,-0.3567,0.4434,0.0467,0.0075,0.0444,1024.4507,-5.04,-18.78,-4.44,70,156.441,-40.492,-1.293,43.6307
20:20:04:6,0.0173,0.6562,0.7684,0.4138,-0.3567,0.4434,0.0467,0.0075,0.0444,1024.4507,-5.04,-18.78,-4.44,69,156.441,-40.492,-1.293,43.6307
20:20:04:6,0.0173,0.6562,0.7684,0.3223,-0.1126,0.2274,0.0467,0.0075,0.0444,1024.4507,-5.04,-18.78,-4.44,69,156.441,-40.492,-1.293,43.6307
20:20:04:7,0.0137,0.6772,0.6787,0.3223,-0.1126,0.2274,0.0467,0.0075,0.0444,1024.4507,-5.04,-18.78,-4.44,69,153.866,-44.932,-1.155,43.6307
20:20:04:7,0.0137,0.6772,0.6787,0.3223,-0.1126,0.2274,0.0467,0.0075,0.0444,1024.4507,-5.1,-19.44,-3.66,69,155.653,-44.932,-1.155,43.6307
20:20:04:7,0.0137,0.6772,0.6787,0.3223,-0.1126,0.2274,0.0767,0.0197,0.0377,1024.4507,-5.1,-19.44,-3.66,69,155.653,-44.932,-1.155,43.6307
20:20:04:7,0.0137,0.6772,0.6787,0.3223,-0.1126,0.2274,0.0767,0.0197,0.0377,1024.4558,-5.1,-19.44,-3.66,69,155.653,-44.932,-1.155,43.6307
20:20:04:7,0.0137,0.6772,0.6787,0.3223,-0.1126,0.2274,0.0767,0.0197,0.0377,1024.4558,-5.1,-19.44,-3.66,69,155.653,-44.932,-1.155,43.6307
20:20:04:7,0.0137,0.6772,0.6787,0.1346,0.0604,-0.6233,0.0767,0.0197,0.0377,1024.4558,-5.1,-19.44,-3.66,69,155.653,-44.932,-1.155,43.6307
20:20:04:9,0.0061,0.6433,0.7989,0.1346,0.0604,-0.6233,0.0767,0.0197,0.0377,1024.4558,-5.1,-19.44,-3.66,69,158.418,-38.84,-0.438,54.33
20:20:04:9,0.0061,0.6433,0.7989,0.1346,0.0604,-0.6233,0.0767,0.0197,0.0377,1024.4558,-4.62,-18.24,-4.74,69,157.765,-38.84,-0.438,54.33
20:20:04:9,0.0061,0.6433,0.7989,0.1346,0.0604,-0.6233,-0.1885,0.6544,0.323,1024.4558,-4.62,-18.24,-4.74,69,157.765,-38.84,-0.438,54.33
20:20:04:9,0.0061,0.6433,0.7989,0.1346,0.0604,-0.6233,-0.1885,0.6544,0.323,1024.45,-4.62,-18.24,-4.74,69,157.765,-38.84,-0.438,54.33
20:20:04:9,0.0061,0.6433,0.7989,0.1346,0.0604,-0.6233,-0.1885,0.6544,0.323,1024.45,-4.62,-18.24,-4.74,70,157.765,-38.84,-0.438,54.33
20:20:04:9,0.0061,0.6433,0.7989,0.2108,-0.1276,0.4279,-0.1885,0.6544,0.323,1024.45,-4.62,-18.24,-4.74,70,157.765,-38.84,-0.438,54.33
20:20:05:1,0.0061,0.6433,0.7989,-0.1828,0.1954,0.2845,-0.1885,0.6544,0.323,1024.45,-4.62,-18.24,-4.74,70,157.765,-38.84,-0.438,72.2715
20:20:05:1,0.0061,0.6433,0.7989,-0.1828,0.1954,0.2845,0.0797,-0.0322,-0.0069,1024.45,-4.62,-18.24,-4.74,70,157.765,-38.84,-0.438,72.2715
20:20:05:1,0.0061,0.6433,0.7989,-0.1828,0.1954,0.2845,0.0797,-0.0322,-0.0069,1024.45,-3.9,-18.3,-4.5,70,161.289,-38.84,-0.438,72.2715
20:20:05:1,0.0061,0.6433,0.7989,-0.1828,0.1954,0.2845,0.0797,-0.0322,-0.0069,1024.45,-3.9,-18.3,-4.5,70,161.289,-38.84,-0.438,72.2715
20:20:05:1,0.0061,0.6433,0.7989,-0.1828,0.1954,0.2845,0.0797,-0.0322,-0.0069,1024.4468,-3.9,-18.3,-4.5,70,161.289,-38.84,-0.438,72.2715
20:20:05:1,-0.0315,0.6777,0.783,-0.1828,0.1954,0.2845,0.0797,-0.0322,-0.0069,1024.4468,-3.9,-18.3,-4.5,70,159.665,-40.854,2.305,72.2715
20:20:05:2,-0.0315,0.6777,0.783,-0.1828,0.1954,0.2845,0.0797,-0.0322,-0.0069,1024.4468,-3.9,-18.3,-4.5,69,159.665,-40.854,2.305,72.2715
20:20:05:2,-0.0315,0.6777,0.783,0.2863,-0.1337,0.1589,0.0797,-0.0322,-0.0069,1024.4468,-3.9,-18.3,-4.5,69,159.665,-40.854,2.305,72.2715
20:20:05:2,-0.0315,0.6777,0.783,0.2863,-0.1337,0.1589,0.0797,-0.0322,-0.0069,1024.4468,-5.4,-18.66,-3.6,69,155.04,-40.854,2.305,72.2715
20:20:05:2,-0.0315,0.6777,0.783,0.2863,-0.1337,0.1589,0.0797,-0.0322,-0.0069,1024.4529,-5.4,-18.66,-3.6,69,155.04,-40.854,2.305,72.2715
20:20:05:2,0.0408,0.6594,0.7566,0.2863,-0.1337,0.1589,0.0797,-0.0322,-0.0069,1024.4529,-5.4,-18.66,-3.6,69,155.724,-41.031,-3.087,72.2715
20:20:05:2,0.0408,0.6594,0.7566,0.2863,-0.1337,0.1589,0.0608,0.0179,0.0047,1024.4529,-5.4,-18.66,-3.6,69,155.724,-41.031,-3.087,72.2715
20:20:05:4,0.0408,0.6594,0.7566,0.2863,-0.1337,0.1589,0.0608,0.0179,0.0047,1024.4473,-5.4,-18.66,-3.6,69,155.724,-41.031,-3.087,69.2347
20:20:05:4,0.0193,0.6846,0.7325,0.2863,-0.1337,0.1589,0.0608,0.0179,0.0047,1024.4473,-5.4,-18.66,-3.6,69,154.424,-43.055,-1.509,69.2347
20:20:05:4,0.0193,0.6846,0.7325,0.0556,0.0679,-0.0366,0.0608,0.0179,0.0047,1024.4473,-5.4,-18.66,-3.6,69,154.424,-43.055,-1.509,69.2347
20:20:05:4,0.0193,0.6846,0.7325,0.0556,0.0679,-0.0366,0.0608,0.0179,0.0047,1024.4473,-5.4,-18.66,-3.6,69,154.424,-43.055,-1.509,69.2347
20:20:05:4,0.0193,0.6846,0.7325,0.0556,0.0679,-0.0366,0.0608,0.0179,0.0047,1024.4473,-3.96,-18.78,-3.18,69,161.351,-43.055,-1.509,69.2347
20:20:05:4,0.0193,0.6846,0.7325,0.0556,0.0679,-0.0366,-0.048,0.0588,0.0456,1024.4473,-3.96,-18.78,-3.18,69,161.351,-43.055,-1.509,69.2347
20:20:05:6,0.0193,0.6846,0.7325,0.0556,0.0679,-0.0366,-0.048,0.0588,0.0456,1024.4446,-3.96,-18.78,-3.18,69,161.351,-43.055,-1.509,69.2347
20:20:05:6,-0.0103,0.7217,0.7354,0.0556,0.0679,-0.0366,-0.048,0.0588,0.0456,1024.4446,-3.96,-18.78,-3.18,69,160.354,-44.459,0.799,69.2347
20:20:05:6,-0.0103,0.7217,0.7354,-0.2924,0.5352,-0.1004,-0.048,0.0588,0.0456,1024.4446,-3.96,-18.78,-3.18,69,160.354,-44.459,0.799,69.2347
20:20:05:6,-0.0103,0.7217,0.7354,-0.2924,0.5352,-0.1004,-0.048,0.0588,0.0456,1024.4446,-3.96,-18.78,-3.18,69,160.354,-44.459,0.799,69.2347
20:20:05:6,-0.0103,0.7217,0.7354,-0.2924,0.5352,-0.1004,-0.048,0.0588,0.0456,1024.4446,-5.58,-18.78,-4.26,69,151.706,-44.459,0.799,69.2347
20:20:05:6,-0.0103,0.7217,0.7354,-0.2924,0.5352,-0.1004,-0.1494,0.1321,0.0963,1024.4446,-5.58,-18.78,-4.26,69,151.706,-44.459,0.799,69.2347
20:20:05:8,-0.0103,0.7217,0.7354,-0.2924,0.5352,-0.1004,-0.1494,0.1321,0.0963,1024.4478,-5.58,-18.78,-4.26,69,151.706,-44.459,0.799,68.0318
20:20:05:8,0.0559,0.5531,0.8771,-0.2924,0.5352,-0.1004,-0.1494,0.1321,0.0963,1024.4478,-5.58,-18.78,-4.26,69,158.488,-32.185,-3.65,68.0318
20:20:05:8,0.0559,0.5531,0.8771,0.5095,-0.715,0.9454,-0.1494,0.1321,0.0963,1024.4478,-5.58,-18.78,-4.26,69,158.488,-32.185,-3.65,68.0318
20:20:05:8,0.0559,0.5531,0.8771,0.5095,-0.715,0.9454,-0.1494,0.1321,0.0963,1024.4478,-5.58,-18.78,-4.26,72,158.488,-32.185,-3.65,68.0318
20:20:05:8,0.0559,0.5531,0.8771,0.5095,-0.715,0.9454,-0.1494,0.1321,0.0963,1024.4478,-4.2,-16.74,-5.58,72,160.869,-32.185,-3.65,68.0318
20:20:05:8,0.0559,0.5531,0.8771,0.5095,-0.715,0.9454,-0.2465,-0.0157,0.1605,1024.4478,-4.2,-16.74,-5.58,72,160.869,-32.185,-3.65,68.0318
20:20:06:0,0.0559,0.5531,0.8771,0.5095,-0.715,0.9454,-0.2465,-0.0157,0.1605,1024.4478,-4.2,-15.48,-5.7,72,158.913,-32.185,-3.65,75.1404
20:20:06:0,0.0559,0.5531,0.8771,0.5095,-0.715,0.9454,-0.2465,-0.0157,0.1605,1024.448,-4.2,-15.48,-5.7,72,158.913,-32.185,-3.65,75.1404
20:20:06:0,0.0083,0.5908,0.8097,0.5095,-0.715,0.9454,-0.2465,-0.0157,0.1605,1024.448,-4.2,-15.48,-5.7,72,155.579,-36.114,-0.588,75.1404
20:20:06:0,0.0083,0.5908,0.8097,0.5095,-0.715,0.9454,-0.2465,-0.0157,0.1605,1024.448,-4.2,-15.48,-5.7,74,155.579,-36.114,-0.588,75.1404
20:20:06:0,0.0083,0.5908,0.8097,0.4983,-0.5301,0.8008,-0.2465,-0.0157,0.1605,1024.448,-4.2,-15.48,-5.7,74,155.579,-36.114,-0.588,75.1404
20:20:06:0,0.0083,0.5908,0.8097,0.4983,-0.5301,0.8008,-0.0089,0.0423,-0.0607,1024.448,-4.2,-15.48,-5.7,74,155.579,-36.114,-0.588,75.1404
20:20:06:1,0.0083,0.5908,0.8097,0.4983,-0.5301,0.8008,-0.0089,0.0423,-0.0607,1024.4563,-4.2,-15.48,-5.7,74,155.579,-36.114,-0.588,75.1404
20:20:06:1,0.0066,0.5908,0.7882,0.4983,-0.5301,0.8008,-0.0089,0.0423,-0.0607,1024.4563,-4.2,-15.48,-5.7,74,155.106,-36.852,-0.48,75.1404
20:20:06:1,0.0066,0.5908,0.7882,0.0438,-0.1689,-0.0651,-0.0089,0.0423,-0.0607,1024.4563,-4.2,-15.48,-5.7,74,155.106,-36.852,-0.48,75.1404
20:20:06:1,0.0066,0.5908,0.7882,0.0438,-0.1689,-0.0651,-0.0089,0.0423,-0.0607,1024.4563,-4.2,-15.48,-5.7,74,155.106,-36.852,-0.48,75.1404
20:20:06:1,0.0066,0.5908,0.7882,0.0438,-0.1689,-0.0651,-0.0089,0.0423,-0.0607,1024.4563,-3.78,-16.32,-5.94,74,158.517,-36.852,-0.48,75.1404
20:20:06:1,0.0066,0.5908,0.7882,0.0438,-0.1689,-0.0651,0.1475,-0.02,-0.0674,1024.4563,-3.78,-16.32,-5.94,74,158.517,-36.852,-0.48,75.1404
20:20:06:3,-0.0208,0.6044,0.8001,0.0438,-0.1689,-0.0651,0.1475,-0.02,-0.0674,1024.4563,-3.78,-16.32,-5.94,74,157.52,-37.059,1.487,71.4922
20:20:06:3,-0.0208,0.6044,0.8001,0.0438,-0.1689,-0.0651,0.1475,-0.02,-0.0674,1024.4563,-2.52,-17.16,-5.58,74,165.595,-37.059,1.487,71.4922
20:20:06:3,-0.0208,0.6044,0.8001,0.0438,-0.1689,-0.0651,-0.0663,0.0313,-0.0716,1024.4563,-2.52,-17.16,-5.58,74,165.595,-37.059,1.487,71.4922
20:20:06:3,-0.0208,0.6044,0.8001,0.0438,-0.1689,-0.0651,-0.0663,0.0313,-0.0716,1024.4563,-2.52,-17.16,-5.58,74,165.595,-37.059,1.487,71.4922
20:20:06:3,-0.0208,0.6044,0.8001,0.0438,-0.1689,-0.0651,-0.0663,0.0313,-0.0716,1024.4563,-2.52,-17.16,-5.58,73,165.595,-37.059,1.487,71.4922
20:20:06:3,-0.0208,0.6044,0.8001,-0.057,-0.0598,0.0728,-0.0663,0.0313,-0.0716,1024.4563,-2.52,-17.16,-5.58,73,165.595,-37.059,1.487,71.4922
20:20:06:5,-0.0208,0.6044,0.8001,-0.057,-0.0598,0.0728,-0.0663,0.0313,-0.0716,1024.4463,-2.52,-17.16,-5.58,73,165.595,-37.059,1.487,71.4922
20:20:06:5,-0.0503,0.6008,0.8272,-0.057,-0.0598,0.0728,-0.0663,0.0313,-0.0716,1024.4463,-2.52,-17.16,-5.58,73,165.084,-35.938,3.482,71.4922
20:20:06:5,-0.0503,0.6008,0.8272,-0.0975,-0.0181,0.288,-0.0663,0.0313,-0.0716,1024.4463,-2.52,-17.16,-5.58,73,165.084,-35.938,3.482,71.4922
20:20:06:5,-0.0503,0.6008,0.8272,-0.0975,-0.0181,0.288,-0.0663,0.0313,-0.0716,1024.4463,-2.52,-17.16,-5.58,74,165.084,-35.938,3.482,71.4922
20:20:06:5,-0.0503,0.6008,0.8272,-0.0975,-0.0181,0.288,-0.0663,0.0313,-0.0716,1024.4463,1.62,-18.72,-2.04,74,-173.871,-35.938,3.482,71.4922
20:20:06:5,-0.0503,0.6008,0.8272,-0.0975,-0.0181,0.288,-0.0076,0.1089,-0.0326,1024.4463,1.62,-18.72,-2.04,74,-173.871,-35.938,3.482,71.4922
20:20:06:7,-0.0503,0.6008,0.8272,-0.0975,-0.0181,0.288,-0.0076,0.1089,-0.0326,1024.4448,1.62,-18.72,-2.04,74,-173.871,-35.938,3.482,68.5482
20:20:06:7,-0.0381,0.6076,0.7938,-0.0975,-0.0181,0.288,-0.0076,0.1089,-0.0326,1024.4448,1.62,-18.72,-2.04,74,-173.615,-37.401,2.749,68.5482
20:20:06:7,-0.0381,0.6076,0.7938,0.0547,0.0108,-0.0093,-0.0076,0.1089,-0.0326,1024.4448,1.62,-18.72,-2.04,74,-173.615,-37.401,2.749,68.5482
20:20:06:7,-0.0381,0.6076,0.7938,0.0547,0.0108,-0.0093,-0.0076,0.1089,-0.0326,1024.4448,1.62,-18.72,-2.04,74,-173.615,-37.401,2.749,68.5482
20:20:06:7,-0.0381,0.6076,0.7938,0.0547,0.0108,-0.0093,-0.0076,0.1089,-0.0326,1024.4448,1.2,-18.72,-1.74,74,-175.374,-37.401,2.749,68.5482
20:20:06:7,-0.0381,0.6076,0.7938,0.0547,0.0108,-0.0093,0.084,-0.0145,0.0053,1024.4448,1.2,-18.72,-1.74,74,-175.374,-37.401,2.749,68.5482
20:20:06:9,-0.0381,0.6076,0.7938,0.0547,0.0108,-0.0093,0.084,-0.0145,0.0053,1024.4417,1.2,-18.72,-1.74,74,-175.374,-37.401,2.749,67.2891
20:20:06:9,-0.0452,0.6159,0.7569,0.0547,0.0108,-0.0093,0.084,-0.0145,0.0053,1024.4417,1.2,-18.72,-1.74,74,-175.329,-39.087,3.417,67.2891
20:20:06:9,-0.0452,0.6159,0.7569,0.0111,-0.0718,-0.2414,0.084,-0.0145,0.0053,1024.4417,1.2,-18.72,-1.74,74,-175.329,-39.087,3.417,67.2891
20:20:06:9,-0.0452,0.6159,0.7569,0.0111,-0.0718,-0.2414,0.084,-0.0145,0.0053,1024.4417,1.2,-18.72,-1.74,73,-175.329,-39.087,3.417,67.2891
20:20:06:9,-0.0452,0.6159,0.7569,0.0111,-0.0718,-0.2414,0.084,-0.0145,0.0053,1024.4417,1.2,-20.16,-1.08,73,-175.656,-39.087,3.417,67.2891
20:20:06:9,-0.0452,0.6159,0.7569,0.0111,-0.0718,-0.2414,0.4578,-0.009,-0.0197,1024.4417,1.2,-20.16,-1.08,73,-175.656,-39.087,3.417,67.2891
20:20:07:1,-0.0603,0.6384,0.6377,0.0111,-0.0718,-0.2414,0.4578,-0.009,-0.0197,1024.4417,1.2,-20.16,-1.08,73,-175.351,-44.905,5.406,67.2891
20:20:07:1,-0.0603,0.6384,0.6377,0.0111,-0.0718,-0.2414,0.4578,-0.009,-0.0197,1024.4417,5.16,-20.16,-2.04,73,-158.42,-44.905,5.406,67.2891
20:20:07:1,-0.0603,0.6384,0.6377,0.0111,-0.0718,-0.2414,-0.0303,0.4039,0.2765,1024.4417,5.16,-20.16,-2.04,73,-158.42,-44.905,5.406,67.2891
20:20:07:1,-0.0603,0.6384,0.6377,0.0111,-0.0718,-0.2414,-0.0303,0.4039,0.2765,1024.4434,5.16,-20.16,-2.04,73,-158.42,-44.905,5.406,67.2891
20:20:07:1,-0.0603,0.6384,0.6377,0.0111,-0.0718,-0.2414,-0.0303,0.4039,0.2765,1024.4434,5.16,-20.16,-2.04,69,-158.42,-44.905,5.406,67.2891
20:20:07:1,-0.0603,0.6384,0.6377,0.5352,-0.272,-0.9817,-0.0303,0.4039,0.2765,1024.4434,5.16,-20.16,-2.04,69,-158.42,-44.905,5.406,67.2891
20:20:07:2,-0.3694,0.6548,0.5854,0.5352,-0.272,-0.9817,-0.0303,0.4039,0.2765,1024.4434,5.16,-20.16,-2.04,69,-164.192,-43.408,32.254,68.0625
20:20:07:2,-0.3694,0.6548,0.5854,0.5352,-0.272,-0.9817,-0.0303,0.4039,0.2765,1024.4434,10.44,-19.14,-3.12,69,-139.074,-43.408,32.254,68.0625
20:20:07:2,-0.3694,0.6548,0.5854,0.5352,-0.272,-0.9817,0.1774,0.8138,-0.2256,1024.4434,10.44,-19.14,-3.12,69,-139.074,-43.408,32.254,68.0625
20:20:07:2,-0.3694,0.6548,0.5854,0.5352,-0.272,-0.9817,0.1774,0.8138,-0.2256,1024.449,10.44,-19.14,-3.12,69,-139.074,-43.408,32.254,68.0625
20:20:07:2,-0.3694,0.6548,0.5854,0.5352,-0.272,-0.9817,0.1774,0.8138,-0.2256,1024.449,10.44,-19.14,-3.12,68,-139.074,-43.408,32.254,68.0625
20:20:07:2,-0.3694,0.6548,0.5854,-1.2235,0.168,-1.4314,0.1774,0.8138,-0.2256,1024.449,10.44,-19.14,-3.12,68,-139.074,-43.408,32.254,68.0625
20:20:07:4,-0.3694,0.6548,0.5854,-1.2235,0.168,-1.4314,0.1774,0.8138,-0.2256,1024.4648,10.44,-19.14,-3.12,68,-139.074,-43.408,32.254,68.0625
20:20:07:4,-0.1143,0.6557,0.8009,-1.2235,0.168,-1.4314,0.1774,0.8138,-0.2256,1024.4648,10.44,-19.14,-3.12,68,-140.482,-39.027,8.125,68.0625
20:20:07:4,-0.1143,0.6557,0.8009,1.7214,0.5106,0.5615,0.1774,0.8138,-0.2256,1024.4648,10.44,-19.14,-3.12,68,-140.482,-39.027,8.125,68.0625
20:20:07:4,-0.1143,0.6557,0.8009,1.7214,0.5106,0.5615,0.1774,0.8138,-0.2256,1024.4648,10.44,-19.14,-3.12,67,-140.482,-39.027,8.125,68.0625
20:20:07:4,-0.1143,0.6557,0.8009,1.7214,0.5106,0.5615,0.1774,0.8138,-0.2256,1024.4648,13.44,-17.28,-3.54,67,-128.047,-39.027,8.125,68.0625
20:20:07:4,-0.1143,0.6557,0.8009,1.7214,0.5106,0.5615,0.1512,0.3471,0.1079,1024.4648,13.44,-17.28,-3.54,67,-128.047,-39.027,8.125,68.0625
20:20:07:6,-0.3723,0.5744,0.6821,1.7214,0.5106,0.5615,0.1512,0.3471,0.1079,1024.4648,13.44,-17.28,-3.54,67,-129.145,-36.468,28.628,76.848
20:20:07:7,-0.3723,0.5744,0.6821,1.7214,0.5106,0.5615,0.1512,0.3471,0.1079,1024.4648,14.04,-17.16,-4.02,67,-126.537,-36.468,28.628,76.848
20:20:07:7,-0.3723,0.5744,0.6821,1.7214,0.5106,0.5615,-0.1634,0.0478,-0.1987,1024.4648,14.04,-17.16,-4.02,67,-126.537,-36.468,28.628,76.848
20:20:07:7,-0.3723,0.5744,0.6821,1.7214,0.5106,0.5615,-0.1634,0.0478,-0.1987,1024.4597,14.04,-17.16,-4.02,67,-126.537,-36.468,28.628,76.848
20:20:07:7,-0.3723,0.5744,0.6821,1.7214,0.5106,0.5615,-0.1634,0.0478,-0.1987,1024.4597,14.04,-17.16,-4.02,65,-126.537,-36.468,28.628,76.848
20:20:07:7,-0.3723,0.5744,0.6821,-0.5078,-0.2529,-0.506,-0.1634,0.0478,-0.1987,1024.4597,14.04,-17.16,-4.02,65,-126.537,-36.468,28.628,76.848
20:20:07:8,-0.3723,0.5744,0.6821,-0.5078,-0.2529,-0.506,-0.1634,0.0478,-0.1987,1024.4597,13.02,-16.5,-5.16,65,-127.488,-36.468,28.628,75.5381
20:20:07:8,-0.3723,0.5744,0.6821,-0.5078,-0.2529,-0.506,-0.1634,0.0478,-0.1987,1024.4585,13.02,-16.5,-5.16,65,-127.488,-36.468,28.628,75.5381
20:20:07:8,-0.3244,0.6487,0.7615,-0.5078,-0.2529,-0.506,-0.1634,0.0478,-0.1987,1024.4585,13.02,-16.5,-5.16,65,-124.77,-38.083,23.076,75.5381
20:20:07:8,-0.3244,0.6487,0.7615,-0.5078,-0.2529,-0.506,-0.1634,0.0478,-0.1987,1024.4585,13.02,-16.5,-5.16,67,-124.77,-38.083,23.076,75.5381
20:20:07:8,-0.3244,0.6487,0.7615,-0.6925,-0.1414,-0.6727,-0.1634,0.0478,-0.1987,1024.4585,13.02,-16.5,-5.16,67,-124.77,-38.083,23.076,75.5381
20:20:07:8,-0.3244,0.6487,0.7615,-0.6925,-0.1414,-0.6727,0.0852,-0.2424,0.3767,1024.4585,13.02,-16.5,-5.16,67,-124.77,-38.083,23.076,75.5381
20:20:08:0,-0.3244,0.6487,0.7615,-0.6925,-0.1414,-0.6727,0.0852,-0.2424,0.3767,1024.4658,13.02,-16.5,-5.16,67,-124.77,-38.083,23.076,75.5381
20:20:08:0,-0.2553,0.6689,0.7105,-0.6925,-0.1414,-0.6727,0.0852,-0.2424,0.3767,1024.4658,13.02,-16.5,-5.16,67,-120.579,-41.543,19.766,75.5381
20:20:08:0,-0.2553,0.6689,0.7105,-0.5576,0.9155,-0.8207,0.0852,-0.2424,0.3767,1024.4658,13.02,-16.5,-5.16,67,-120.579,-41.543,19.766,75.5381
20:20:08:0,-0.2553,0.6689,0.7105,-0.5576,0.9155,-0.8207,0.0852,-0.2424,0.3767,1024.4658,13.02,-16.5,-5.16,73,-120.579,-41.543,19.766,75.5381
20:20:08:0,-0.2553,0.6689,0.7105,-0.5576,0.9155,-0.8207,0.0852,-0.2424,0.3767,1024.4658,8.7,-15.9,-5.4,73,-135.965,-41.543,19.766,75.5381
20:20:08:0,-0.2553,0.6689,0.7105,-0.5576,0.9155,-0.8207,0.1194,0.0337,0.2869,1024.4658,8.7,-15.9,-5.4,73,-135.965,-41.543,19.766,75.5381
20:20:08:1,-0.1493,0.58,0.8224,-0.5576,0.9155,-0.8207,0.1194,0.0337,0.2869,1024.4658,8.7,-15.9,-5.4,73,-140.296,-34.759,10.288,81.1559
20:20:08:1,-0.1493,0.58,0.8224,-0.5576,0.9155,-0.8207,0.1194,0.0337,0.2869,1024.4658,5.94,-15.9,-4.32,73,-153.182,-34.759,10.288,81.1559
20:20:08:1,-0.1493,0.58,0.8224,-0.5576,0.9155,-0.8207,0.2025,-0.6669,0.0591,1024.4658,5.94,-15.9,-4.32,73,-153.182,-34.759,10.288,81.1559
20:20:08:1,-0.1493,0.58,0.8224,-0.5576,0.9155,-0.8207,0.2025,-0.6669,0.0591,1024.4966,5.94,-15.9,-4.32,73,-153.182,-34.759,10.288,81.1559
20:20:08:1,-0.1493,0.58,0.8224,-0.5576,0.9155,-0.8207,0.2025,-0.6669,0.0591,1024.4966,5.94,-15.9,-4.32,76,-153.182,-34.759,10.288,81.1559
20:20:08:1,-0.1493,0.58,0.8224,-0.1675,-0.0496,0.2094,0.2025,-0.6669,0.0591,1024.4966,5.94,-15.9,-4.32,76,-153.182,-34.759,10.288,81.1559
20:20:08:3,-0.1033,0.6169,0.7244,-0.1675,-0.0496,0.2094,0.2025,-0.6669,0.0591,1024.4966,5.94,-15.9,-4.32,76,-149.251,-40.133,8.119,81.1559
20:20:08:3,-0.1033,0.6169,0.7244,-0.1675,-0.0496,0.2094,0.2025,-0.6669,0.0591,1024.4966,3.9,-17.1,-3.18,76,-162.299,-40.133,8.119,81.1559
20:20:08:3,-0.1033,0.6169,0.7244,-0.1675,-0.0496,0.2094,0.2312,0.0374,0.1257,1024.4966,3.9,-17.1,-3.18,76,-162.299,-40.133,8.119,81.1559
20:20:08:3,-0.1033,0.6169,0.7244,-0.1675,-0.0496,0.2094,0.2312,0.0374,0.1257,1024.468,3.9,-17.1,-3.18,76,-162.299,-40.133,8.119,81.1559
20:20:08:3,-0.1033,0.6169,0.7244,-0.1675,-0.0496,0.2094,0.2312,0.0374,0.1257,1024.468,3.9,-17.1,-3.18,76,-162.299,-40.133,8.119,81.1559
20:20:08:3,-0.1033,0.6169,0.7244,-0.2649,-0.0201,-0.5704,0.2312,0.0374,0.1257,1024.468,3.9,-17.1,-3.18,76,-162.299,-40.133,8.119,81.1559
20:26:35:4,-0.0139,0.4872,0.8314,-0.2649,-0.0201,-0.5704,0.2312,0.0374,0.1257,1024.468,3.9,-17.1,-3.18,76,-163.654,-30.365,0.96,-3713.9585
20:26:35:5,-0.0061,0.4881,0.891,-0.2649,-0.0201,-0.5704,0.2312,0.0374,0.1257,1024.468,3.9,-17.1,-3.18,76,-163.923,-28.715,0.393,-3721.9175
20:26:35:5,-0.0061,0.4881,0.891,-0.2649,-0.0201,-0.5704,0.2312,0.0374,0.1257,1024.3333,3.9,-17.1,-3.18,76,-163.923,-28.715,0.393,-3721.9175
20:26:35:5,-0.0061,0.4881,0.891,-0.2649,-0.0201,-0.5704,0.2312,0.0374,0.1257,1024.3333,3.9,-17.1,-3.18,0,-163.923,-28.715,0.393,-3721.9175
20:26:35:5,-0.0061,0.4881,0.891,0.7875,-0.6256,0.5962,0.2312,0.0374,0.1257,1024.3333,3.9,-17.1,-3.18,0,-163.923,-28.715,0.393,-3721.9175
20:26:35:7,-0.0122,0.4955,0.8854,0.7875,-0.6256,0.5962,0.2312,0.0374,0.1257,1024.3333,3.9,-17.1,-3.18,0,-163.883,-29.229,0.79,-3729.8762
20:26:35:7,-0.0122,0.4955,0.8854,0.7875,-0.6256,0.5962,0.2312,0.0374,0.1257,1024.3333,11.34,-23.52,12.18,0,-156.446,-29.229,0.79,-3729.8762
20:26:35:7,-0.0122,0.4955,0.8854,0.7875,-0.6256,0.5962,-0.0034,-0.0194,0.012,1024.3333,11.34,-23.52,12.18,0,-156.446,-29.229,0.79,-3729.8762
20:26:35:7,-0.0122,0.4955,0.8854,0.7875,-0.6256,0.5962,-0.0034,-0.0194,0.012,1024.3298,11.34,-23.52,12.18,0,-156.446,-29.229,0.79,-3729.8762
20:26:35:7,-0.0122,0.4955,0.8854,0.7875,-0.6256,0.5962,-0.0034,-0.0194,0.012,1024.3298,11.34,-23.52,12.18,0,-156.446,-29.229,0.79,-3729.8762
20:26:35:7,-0.0122,0.4955,0.8854,0.3617,-0.2898,0.3424,-0.0034,-0.0194,0.012,1024.3298,11.34,-23.52,12.18,0,-156.446,-29.229,0.79,-3729.8762
20:26:35:9,-0.0046,0.483,0.902,0.3617,-0.2898,0.3424,-0.0034,-0.0194,0.012,1024.3298,11.34,-23.52,12.18,0,-156.684,-28.168,0.295,-3729.8762
20:26:35:9,-0.0046,0.483,0.902,0.3617,-0.2898,0.3424,-0.0034,-0.0194,0.012,1024.3298,12.18,-25.56,16.74,0,-158.03,-28.168,0.295,-3729.8762
20:26:35:9,-0.0046,0.483,0.902,0.3617,-0.2898,0.3424,0.0211,0.0753,0.0114,1024.3298,12.18,-25.56,16.74,0,-158.03,-28.168,0.295,-3729.8762
20:26:35:9,-0.0046,0.483,0.902,0.3617,-0.2898,0.3424,0.0211,0.0753,0.0114,1024.3281,12.18,-25.56,16.74,0,-158.03,-28.168,0.295,-3729.8762
20:26:35:9,-0.0046,0.483,0.902,0.3617,-0.2898,0.3424,0.0211,0.0753,0.0114,1024.3281,12.18,-25.56,16.74,0,-158.03,-28.168,0.295,-3729.8762
20:26:35:9,-0.0046,0.483,0.902,0.2479,-0.2971,0.4268,0.0211,0.0753,0.0114,1024.3281,12.18,-25.56,16.74,0,-158.03,-28.168,0.295,-3729.8762
20:26:36:1,-0.1405,0.5631,0.8053,0.2479,-0.2971,0.4268,0.0211,0.0753,0.0114,1024.3281,12.18,-25.56,16.74,0,-153.017,-34.564,9.896,45.9187
20:26:36:1,-0.1405,0.5631,0.8053,0.2479,-0.2971,0.4268,0.0211,0.0753,0.0114,1024.3259,12.18,-25.56,16.74,0,-153.017,-34.564,9.896,45.9187
20:26:36:1,-0.1405,0.5631,0.8053,-1.084,0.4902,-0.5226,0.0211,0.0753,0.0114,1024.3259,12.18,-25.56,16.74,0,-153.017,-34.564,9.896,45.9187
20:26:36:1,-0.1405,0.5631,0.8053,-1.084,0.4902,-0.5226,0.0211,0.0753,0.0114,1024.3259,12.18,-25.56,16.74,0,-153.017,-34.564,9.896,45.9187
20:26:36:1,-0.1405,0.5631,0.8053,-1.084,0.4902,-0.5226,0.0693,0.0576,0.0963,1024.3259,12.18,-25.56,16.74,0,-153.017,-34.564,9.896,45.9187
20:26:36:1,-0.1405,0.5631,0.8053,-1.084,0.4902,-0.5226,0.0693,0.0576,0.0963,1024.3259,13.62,-26.4,16.08,0,-151.172,-34.564,9.896,45.9187
20:26:36:3,0.0332,0.4662,0.9169,-1.084,0.4902,-0.5226,0.0693,0.0576,0.0963,1024.3259,13.62,-26.4,16.08,0,-157.229,-26.933,-2.075,55.8777
20:26:36:3,0.0332,0.4662,0.9169,-1.084,0.4902,-0.5226,0.0693,0.0576,0.0963,1024.3259,11.4,-26.7,16.44,0,-161.042,-26.933,-2.075,55.8777
20:26:36:3,0.0332,0.4662,0.9169,-1.084,0.4902,-0.5226,-0.1494,-0.0121,0.3474,1024.3259,11.4,-26.7,16.44,0,-161.042,-26.933,-2.075,55.8777
20:26:36:3,0.0332,0.4662,0.9169,-1.084,0.4902,-0.5226,-0.1494,-0.0121,0.3474,1024.3223,11.4,-26.7,16.44,0,-161.042,-26.933,-2.075,55.8777
20:26:36:3,0.0332,0.4662,0.9169,-1.084,0.4902,-0.5226,-0.1494,-0.0121,0.3474,1024.3223,11.4,-26.7,16.44,0,-161.042,-26.933,-2.075,55.8777
20:26:36:3,0.0332,0.4662,0.9169,0.4185,-0.333,0.4923,-0.1494,-0.0121,0.3474,1024.3223,11.4,-26.7,16.44,0,-161.042,-26.933,-2.075,55.8777
20:26:36:4,0.0623,0.4481,0.8825,0.4185,-0.333,0.4923,-0.1494,-0.0121,0.3474,1024.3223,11.4,-26.7,16.44,0,-162.083,-26.862,-4.038,55.8777
20:26:36:4,0.0623,0.4481,0.8825,0.4185,-0.333,0.4923,-0.1494,-0.0121,0.3474,1024.3223,9.72,-26.82,16.5,0,-164.92,-26.862,-4.038,55.8777
20:26:36:4,0.0623,0.4481,0.8825,0.4185,-0.333,0.4923,-0.1469,0.1425,0.3242,1024.3223,9.72,-26.82,16.5,0,-164.92,-26.862,-4.038,55.8777
20:26:36:4,0.0623,0.4481,0.8825,0.4185,-0.333,0.4923,-0.1469,0.1425,0.3242,1024.3245,9.72,-26.82,16.5,0,-164.92,-26.862,-4.038,55.8777
20:26:36:4,0.0623,0.4481,0.8825,0.4185,-0.333,0.4923,-0.1469,0.1425,0.3242,1024.3245,9.72,-26.82,16.5,0,-164.92,-26.862,-4.038,55.8777
20:26:36:4,0.0623,0.4481,0.8825,0.46,-0.3437,0.0615,-0.1469,0.1425,0.3242,1024.3245,9.72,-26.82,16.5,0,-164.92,-26.862,-4.038,55.8777
20:26:36:6,0.0623,0.4481,0.8825,0.46,-0.3437,0.0615,-0.1469,0.1425,0.3242,1024.3245,8.04,-25.38,14.94,0,-166.767,-26.862,-4.038,57.4565
20:26:36:6,0.12,0.4031,0.9431,0.46,-0.3437,0.0615,-0.1469,0.1425,0.3242,1024.3245,8.04,-25.38,14.94,0,-168.353,-22.979,-7.249,57.4565
20:26:36:6,0.12,0.4031,0.9431,0.46,-0.3437,0.0615,-0.1469,0.1425,0.3242,1024.3245,8.04,-25.38,14.94,0,-168.353,-22.979,-7.249,57.4565
20:26:36:6,0.12,0.4031,0.9431,0.46,-0.3437,0.0615,-0.1469,0.1425,0.3242,1024.3374,8.04,-25.38,14.94,0,-168.353,-22.979,-7.249,57.4565
20:26:36:6,0.12,0.4031,0.9431,0.2745,-0.0091,-0.1095,-0.1469,0.1425,0.3242,1024.3374,8.04,-25.38,14.94,0,-168.353,-22.979,-7.249,57.4565
20:26:36:6,0.12,0.4031,0.9431,0.2745,-0.0091,-0.1095,-0.1555,-0.0017,0.147,1024.3374,8.04,-25.38,14.94,0,-168.353,-22.979,-7.249,57.4565
20:26:36:8,0.0618,0.4109,0.9169,0.2745,-0.0091,-0.1095,-0.1555,-0.0017,0.147,1024.3374,8.04,-25.38,14.94,0,-166.609,-24.092,-3.857,57.4565
20:26:36:8,0.0618,0.4109,0.9169,0.2745,-0.0091,-0.1095,-0.1555,-0.0017,0.147,1024.3347,8.04,-25.38,14.94,0,-166.609,-24.092,-3.857,57.4565
20:26:36:8,0.0618,0.4109,0.9169,0.2831,-0.2544,0.169,-0.1555,-0.0017,0.147,1024.3347,8.04,-25.38,14.94,0,-166.609,-24.092,-3.857,57.4565
20:26:36:8,0.0618,0.4109,0.9169,0.2831,-0.2544,0.169,-0.1555,-0.0017,0.147,1024.3347,8.04,-25.38,14.94,0,-166.609,-24.092,-3.857,57.4565
20:26:36:8,0.0618,0.4109,0.9169,0.2831,-0.2544,0.169,-0.0315,0.0777,0.031,1024.3347,8.04,-25.38,14.94,0,-166.609,-24.092,-3.857,57.4565
20:26:36:8,0.0618,0.4109,0.9169,0.2831,-0.2544,0.169,-0.0315,0.0777,0.031,1024.3347,7.62,-24.84,14.94,0,-167.17,-24.092,-3.857,57.4565
